exp_name,id,pop_state_infected,pop_state_symptomatic,pop_state_asymptomatic,household_state_infected,household_state_symptomatic,household_state_asymptomatic,seed
test_01,1,0.001,0.002,0.001,0,0,0,2858
test_01,2,0.001,0.002,0.001,0,0,0,1126
test_01,3,0.001,0.002,0.001,0,0,0,3634
test_01,4,0.001,0.002,0.001,0,0,0,8919
test_01,5,0.001,0.002,0.001,0,0,0,2832
test_01,6,0.001,0.002,0.001,0,0,0,7368
test_01,7,0.001,0.002,0.001,0,0,0,9937
test_01,8,0.001,0.002,0.001,0,0,0,686
test_01,9,0.001,0.002,0.001,0,0,0,727
test_01,10,0.001,0.002,0.001,0,0,0,6709
test_02,11,0.002,0.004,0.002,0,0,0,6123
test_02,12,0.002,0.004,0.002,0,0,0,1766
test_02,13,0.002,0.004,0.002,0,0,0,6781
test_02,14,0.002,0.004,0.002,0,0,0,7042
test_02,15,0.002,0.004,0.002,0,0,0,6490
test_02,16,0.002,0.004,0.002,0,0,0,5119
test_02,17,0.002,0.004,0.002,0,0,0,9264
test_02,18,0.002,0.004,0.002,0,0,0,3989
test_02,19,0.002,0.004,0.002,0,0,0,8535
test_02,20,0.002,0.004,0.002,0,0,0,4872
test_03,21,0.003,0.006,0.003,0,0,0,8674
test_03,22,0.003,0.006,0.003,0,0,0,4735
test_03,23,0.003,0.006,0.003,0,0,0,3796
test_03,24,0.003,0.006,0.003,0,0,0,5323
test_03,25,0.003,0.006,0.003,0,0,0,1351
test_03,26,0.003,0.006,0.003,0,0,0,2409
test_03,27,0.003,0.006,0.003,0,0,0,1203
test_03,28,0.003,0.006,0.003,0,0,0,4065
test_03,29,0.003,0.006,0.003,0,0,0,9161
test_03,30,0.003,0.006,0.003,0,0,0,4651
test_04,31,0.004,0.008,0.004,0,0,0,5905
test_04,32,0.004,0.008,0.004,0,0,0,3248
test_04,33,0.004,0.008,0.004,0,0,0,7654
test_04,34,0.004,0.008,0.004,0,0,0,6642
test_04,35,0.004,0.008,0.004,0,0,0,4008
test_04,36,0.004,0.008,0.004,0,0,0,607
test_04,37,0.004,0.008,0.004,0,0,0,9813
test_04,38,0.004,0.008,0.004,0,0,0,2610
test_04,39,0.004,0.008,0.004,0,0,0,3610
test_04,40,0.004,0.008,0.004,0,0,0,4939
test_05,41,0.005,0.01,0.005,0,0,0,5462
test_05,42,0.005,0.01,0.005,0,0,0,672
test_05,43,0.005,0.01,0.005,0,0,0,7878
test_05,44,0.005,0.01,0.005,0,0,0,4411
test_05,45,0.005,0.01,0.005,0,0,0,3507
test_05,46,0.005,0.01,0.005,0,0,0,8581
test_05,47,0.005,0.01,0.005,0,0,0,6955
test_05,48,0.005,0.01,0.005,0,0,0,7243
test_05,49,0.005,0.01,0.005,0,0,0,3122
test_05,50,0.005,0.01,0.005,0,0,0,3990
test_06,51,0.006,0.012,0.006,0,0,0,2272
test_06,52,0.006,0.012,0.006,0,0,0,6390
test_06,53,0.006,0.012,0.006,0,0,0,3604
test_06,54,0.006,0.012,0.006,0,0,0,9559
test_06,55,0.006,0.012,0.006,0,0,0,6512
test_06,56,0.006,0.012,0.006,0,0,0,5343
test_06,57,0.006,0.012,0.006,0,0,0,1074
test_06,58,0.006,0.012,0.006,0,0,0,8203
test_06,59,0.006,0.012,0.006,0,0,0,8496
test_06,60,0.006,0.012,0.006,0,0,0,1385
test_07,61,0.007,0.014,0.007,0,0,0,8136
test_07,62,0.007,0.014,0.007,0,0,0,5041
test_07,63,0.007,0.014,0.007,0,0,0,1622
test_07,64,0.007,0.014,0.007,0,0,0,5832
test_07,65,0.007,0.014,0.007,0,0,0,2003
test_07,66,0.007,0.014,0.007,0,0,0,1701
test_07,67,0.007,0.014,0.007,0,0,0,6094
test_07,68,0.007,0.014,0.007,0,0,0,9860
test_07,69,0.007,0.014,0.007,0,0,0,7451
test_07,70,0.007,0.014,0.007,0,0,0,3843
test_08,71,0.008,0.016,0.008,0,0,0,7618
test_08,72,0.008,0.016,0.008,0,0,0,3738
test_08,73,0.008,0.016,0.008,0,0,0,7810
test_08,74,0.008,0.016,0.008,0,0,0,1067
test_08,75,0.008,0.016,0.008,0,0,0,3036
test_08,76,0.008,0.016,0.008,0,0,0,1723
test_08,77,0.008,0.016,0.008,0,0,0,9035
test_08,78,0.008,0.016,0.008,0,0,0,8759
test_08,79,0.008,0.016,0.008,0,0,0,3543
test_08,80,0.008,0.016,0.008,0,0,0,2472
test_09,81,0.009,0.018,0.009,0,0,0,9334
test_09,82,0.009,0.018,0.009,0,0,0,9897
test_09,83,0.009,0.018,0.009,0,0,0,74
test_09,84,0.009,0.018,0.009,0,0,0,8339
test_09,85,0.009,0.018,0.009,0,0,0,7162
test_09,86,0.009,0.018,0.009,0,0,0,7181
test_09,87,0.009,0.018,0.009,0,0,0,1410
test_09,88,0.009,0.018,0.009,0,0,0,1910
test_09,89,0.009,0.018,0.009,0,0,0,6054
test_09,90,0.009,0.018,0.009,0,0,0,8479
test_10,91,0.01,0.02,0.01,0,0,0,7385
test_10,92,0.01,0.02,0.01,0,0,0,3717
test_10,93,0.01,0.02,0.01,0,0,0,835
test_10,94,0.01,0.02,0.01,0,0,0,5487
test_10,95,0.01,0.02,0.01,0,0,0,7861
test_10,96,0.01,0.02,0.01,0,0,0,6046
test_10,97,0.01,0.02,0.01,0,0,0,7129
test_10,98,0.01,0.02,0.01,0,0,0,2800
test_10,99,0.01,0.02,0.01,0,0,0,4423
test_10,100,0.01,0.02,0.01,0,0,0,5750
test_01,101,0.001,0.002,0.001,0,0,0,3631
test_01,102,0.001,0.002,0.001,0,0,0,2741
test_01,103,0.001,0.002,0.001,0,0,0,6165
test_01,104,0.001,0.002,0.001,0,0,0,9290
test_01,105,0.001,0.002,0.001,0,0,0,461
test_01,106,0.001,0.002,0.001,0,0,0,606
test_01,107,0.001,0.002,0.001,0,0,0,362
test_01,108,0.001,0.002,0.001,0,0,0,4389
test_01,109,0.001,0.002,0.001,0,0,0,9842
test_01,110,0.001,0.002,0.001,0,0,0,1974
test_02,111,0.002,0.004,0.002,0,0,0,9838
test_02,112,0.002,0.004,0.002,0,0,0,4161
test_02,113,0.002,0.004,0.002,0,0,0,7936
test_02,114,0.002,0.004,0.002,0,0,0,8113
test_02,115,0.002,0.004,0.002,0,0,0,4061
test_02,116,0.002,0.004,0.002,0,0,0,3326
test_02,117,0.002,0.004,0.002,0,0,0,545
test_02,118,0.002,0.004,0.002,0,0,0,111
test_02,119,0.002,0.004,0.002,0,0,0,5519
test_02,120,0.002,0.004,0.002,0,0,0,6216
test_03,121,0.003,0.006,0.003,0,0,0,2531
test_03,122,0.003,0.006,0.003,0,0,0,17
test_03,123,0.003,0.006,0.003,0,0,0,4605
test_03,124,0.003,0.006,0.003,0,0,0,1838
test_03,125,0.003,0.006,0.003,0,0,0,5820
test_03,126,0.003,0.006,0.003,0,0,0,489
test_03,127,0.003,0.006,0.003,0,0,0,8715
test_03,128,0.003,0.006,0.003,0,0,0,7087
test_03,129,0.003,0.006,0.003,0,0,0,2832
test_03,130,0.003,0.006,0.003,0,0,0,9178
test_04,131,0.004,0.008,0.004,0,0,0,7993
test_04,132,0.004,0.008,0.004,0,0,0,2824
test_04,133,0.004,0.008,0.004,0,0,0,708
test_04,134,0.004,0.008,0.004,0,0,0,8802
test_04,135,0.004,0.008,0.004,0,0,0,5547
test_04,136,0.004,0.008,0.004,0,0,0,2459
test_04,137,0.004,0.008,0.004,0,0,0,1437
test_04,138,0.004,0.008,0.004,0,0,0,9392
test_04,139,0.004,0.008,0.004,0,0,0,267
test_04,140,0.004,0.008,0.004,0,0,0,2598
test_05,141,0.005,0.01,0.005,0,0,0,1967
test_05,142,0.005,0.01,0.005,0,0,0,4028
test_05,143,0.005,0.01,0.005,0,0,0,3560
test_05,144,0.005,0.01,0.005,0,0,0,620
test_05,145,0.005,0.01,0.005,0,0,0,9243
test_05,146,0.005,0.01,0.005,0,0,0,888
test_05,147,0.005,0.01,0.005,0,0,0,4864
test_05,148,0.005,0.01,0.005,0,0,0,8498
test_05,149,0.005,0.01,0.005,0,0,0,2268
test_05,150,0.005,0.01,0.005,0,0,0,6768
test_06,151,0.006,0.012,0.006,0,0,0,5024
test_06,152,0.006,0.012,0.006,0,0,0,7354
test_06,153,0.006,0.012,0.006,0,0,0,8516
test_06,154,0.006,0.012,0.006,0,0,0,1741
test_06,155,0.006,0.012,0.006,0,0,0,5008
test_06,156,0.006,0.012,0.006,0,0,0,9997
test_06,157,0.006,0.012,0.006,0,0,0,9665
test_06,158,0.006,0.012,0.006,0,0,0,7744
test_06,159,0.006,0.012,0.006,0,0,0,4370
test_06,160,0.006,0.012,0.006,0,0,0,9580
test_07,161,0.007,0.014,0.007,0,0,0,5170
test_07,162,0.007,0.014,0.007,0,0,0,1231
test_07,163,0.007,0.014,0.007,0,0,0,4341
test_07,164,0.007,0.014,0.007,0,0,0,4316
test_07,165,0.007,0.014,0.007,0,0,0,1219
test_07,166,0.007,0.014,0.007,0,0,0,8972
test_07,167,0.007,0.014,0.007,0,0,0,6296
test_07,168,0.007,0.014,0.007,0,0,0,498
test_07,169,0.007,0.014,0.007,0,0,0,9902
test_07,170,0.007,0.014,0.007,0,0,0,4783
test_08,171,0.008,0.016,0.008,0,0,0,9948
test_08,172,0.008,0.016,0.008,0,0,0,5959
test_08,173,0.008,0.016,0.008,0,0,0,9656
test_08,174,0.008,0.016,0.008,0,0,0,9470
test_08,175,0.008,0.016,0.008,0,0,0,9352
test_08,176,0.008,0.016,0.008,0,0,0,6854
test_08,177,0.008,0.016,0.008,0,0,0,7383
test_08,178,0.008,0.016,0.008,0,0,0,2965
test_08,179,0.008,0.016,0.008,0,0,0,8276
test_08,180,0.008,0.016,0.008,0,0,0,5717
test_09,181,0.009,0.018,0.009,0,0,0,8479
test_09,182,0.009,0.018,0.009,0,0,0,5895
test_09,183,0.009,0.018,0.009,0,0,0,7694
test_09,184,0.009,0.018,0.009,0,0,0,7414
test_09,185,0.009,0.018,0.009,0,0,0,4152
test_09,186,0.009,0.018,0.009,0,0,0,3924
test_09,187,0.009,0.018,0.009,0,0,0,8339
test_09,188,0.009,0.018,0.009,0,0,0,1698
test_09,189,0.009,0.018,0.009,0,0,0,4729
test_09,190,0.009,0.018,0.009,0,0,0,3647
test_10,191,0.01,0.02,0.01,0,0,0,6693
test_10,192,0.01,0.02,0.01,0,0,0,1865
test_10,193,0.01,0.02,0.01,0,0,0,3561
test_10,194,0.01,0.02,0.01,0,0,0,9115
test_10,195,0.01,0.02,0.01,0,0,0,9951
test_10,196,0.01,0.02,0.01,0,0,0,576
test_10,197,0.01,0.02,0.01,0,0,0,463
test_10,198,0.01,0.02,0.01,0,0,0,1900
test_10,199,0.01,0.02,0.01,0,0,0,5121
test_10,200,0.01,0.02,0.01,0,0,0,3365
test_01,201,0.001,0.002,0.001,0,0,0,1600
test_01,202,0.001,0.002,0.001,0,0,0,9062
test_01,203,0.001,0.002,0.001,0,0,0,1074
test_01,204,0.001,0.002,0.001,0,0,0,1577
test_01,205,0.001,0.002,0.001,0,0,0,1405
test_01,206,0.001,0.002,0.001,0,0,0,5459
test_01,207,0.001,0.002,0.001,0,0,0,9572
test_01,208,0.001,0.002,0.001,0,0,0,9537
test_01,209,0.001,0.002,0.001,0,0,0,1807
test_01,210,0.001,0.002,0.001,0,0,0,5805
test_02,211,0.002,0.004,0.002,0,0,0,1904
test_02,212,0.002,0.004,0.002,0,0,0,5723
test_02,213,0.002,0.004,0.002,0,0,0,3142
test_02,214,0.002,0.004,0.002,0,0,0,6848
test_02,215,0.002,0.004,0.002,0,0,0,2262
test_02,216,0.002,0.004,0.002,0,0,0,4043
test_02,217,0.002,0.004,0.002,0,0,0,9809
test_02,218,0.002,0.004,0.002,0,0,0,3356
test_02,219,0.002,0.004,0.002,0,0,0,3549
test_02,220,0.002,0.004,0.002,0,0,0,2636
test_03,221,0.003,0.006,0.003,0,0,0,5512
test_03,222,0.003,0.006,0.003,0,0,0,7936
test_03,223,0.003,0.006,0.003,0,0,0,4226
test_03,224,0.003,0.006,0.003,0,0,0,2934
test_03,225,0.003,0.006,0.003,0,0,0,3164
test_03,226,0.003,0.006,0.003,0,0,0,2532
test_03,227,0.003,0.006,0.003,0,0,0,2660
test_03,228,0.003,0.006,0.003,0,0,0,5613
test_03,229,0.003,0.006,0.003,0,0,0,4436
test_03,230,0.003,0.006,0.003,0,0,0,9892
test_04,231,0.004,0.008,0.004,0,0,0,1975
test_04,232,0.004,0.008,0.004,0,0,0,1252
test_04,233,0.004,0.008,0.004,0,0,0,4269
test_04,234,0.004,0.008,0.004,0,0,0,614
test_04,235,0.004,0.008,0.004,0,0,0,618
test_04,236,0.004,0.008,0.004,0,0,0,4595
test_04,237,0.004,0.008,0.004,0,0,0,5982
test_04,238,0.004,0.008,0.004,0,0,0,512
test_04,239,0.004,0.008,0.004,0,0,0,9389
test_04,240,0.004,0.008,0.004,0,0,0,8145
test_05,241,0.005,0.01,0.005,0,0,0,7277
test_05,242,0.005,0.01,0.005,0,0,0,1741
test_05,243,0.005,0.01,0.005,0,0,0,2091
test_05,244,0.005,0.01,0.005,0,0,0,5874
test_05,245,0.005,0.01,0.005,0,0,0,758
test_05,246,0.005,0.01,0.005,0,0,0,9911
test_05,247,0.005,0.01,0.005,0,0,0,2399
test_05,248,0.005,0.01,0.005,0,0,0,6084
test_05,249,0.005,0.01,0.005,0,0,0,1852
test_05,250,0.005,0.01,0.005,0,0,0,1056
test_06,251,0.006,0.012,0.006,0,0,0,8115
test_06,252,0.006,0.012,0.006,0,0,0,507
test_06,253,0.006,0.012,0.006,0,0,0,5519
test_06,254,0.006,0.012,0.006,0,0,0,1730
test_06,255,0.006,0.012,0.006,0,0,0,8115
test_06,256,0.006,0.012,0.006,0,0,0,4129
test_06,257,0.006,0.012,0.006,0,0,0,4958
test_06,258,0.006,0.012,0.006,0,0,0,3523
test_06,259,0.006,0.012,0.006,0,0,0,9577
test_06,260,0.006,0.012,0.006,0,0,0,9371
test_07,261,0.007,0.014,0.007,0,0,0,2760
test_07,262,0.007,0.014,0.007,0,0,0,1170
test_07,263,0.007,0.014,0.007,0,0,0,6846
test_07,264,0.007,0.014,0.007,0,0,0,5359
test_07,265,0.007,0.014,0.007,0,0,0,504
test_07,266,0.007,0.014,0.007,0,0,0,5786
test_07,267,0.007,0.014,0.007,0,0,0,2960
test_07,268,0.007,0.014,0.007,0,0,0,2462
test_07,269,0.007,0.014,0.007,0,0,0,1074
test_07,270,0.007,0.014,0.007,0,0,0,1313
test_08,271,0.008,0.016,0.008,0,0,0,1447
test_08,272,0.008,0.016,0.008,0,0,0,5673
test_08,273,0.008,0.016,0.008,0,0,0,2337
test_08,274,0.008,0.016,0.008,0,0,0,6197
test_08,275,0.008,0.016,0.008,0,0,0,2683
test_08,276,0.008,0.016,0.008,0,0,0,5437
test_08,277,0.008,0.016,0.008,0,0,0,2502
test_08,278,0.008,0.016,0.008,0,0,0,7695
test_08,279,0.008,0.016,0.008,0,0,0,1284
test_08,280,0.008,0.016,0.008,0,0,0,104
test_09,281,0.009,0.018,0.009,0,0,0,2538
test_09,282,0.009,0.018,0.009,0,0,0,9519
test_09,283,0.009,0.018,0.009,0,0,0,3762
test_09,284,0.009,0.018,0.009,0,0,0,1326
test_09,285,0.009,0.018,0.009,0,0,0,5687
test_09,286,0.009,0.018,0.009,0,0,0,1033
test_09,287,0.009,0.018,0.009,0,0,0,3315
test_09,288,0.009,0.018,0.009,0,0,0,3213
test_09,289,0.009,0.018,0.009,0,0,0,3065
test_09,290,0.009,0.018,0.009,0,0,0,8631
test_10,291,0.01,0.02,0.01,0,0,0,1441
test_10,292,0.01,0.02,0.01,0,0,0,4792
test_10,293,0.01,0.02,0.01,0,0,0,8166
test_10,294,0.01,0.02,0.01,0,0,0,9114
test_10,295,0.01,0.02,0.01,0,0,0,7650
test_10,296,0.01,0.02,0.01,0,0,0,7311
test_10,297,0.01,0.02,0.01,0,0,0,8520
test_10,298,0.01,0.02,0.01,0,0,0,2963
test_10,299,0.01,0.02,0.01,0,0,0,8051
test_10,300,0.01,0.02,0.01,0,0,0,1944
test_01,301,0.001,0.002,0.001,0,0,0,4470
test_01,302,0.001,0.002,0.001,0,0,0,6269
test_01,303,0.001,0.002,0.001,0,0,0,9355
test_01,304,0.001,0.002,0.001,0,0,0,674
test_01,305,0.001,0.002,0.001,0,0,0,5401
test_01,306,0.001,0.002,0.001,0,0,0,1355
test_01,307,0.001,0.002,0.001,0,0,0,7745
test_01,308,0.001,0.002,0.001,0,0,0,4872
test_01,309,0.001,0.002,0.001,0,0,0,8002
test_01,310,0.001,0.002,0.001,0,0,0,9781
test_02,311,0.002,0.004,0.002,0,0,0,525
test_02,312,0.002,0.004,0.002,0,0,0,7186
test_02,313,0.002,0.004,0.002,0,0,0,9809
test_02,314,0.002,0.004,0.002,0,0,0,5377
test_02,315,0.002,0.004,0.002,0,0,0,3635
test_02,316,0.002,0.004,0.002,0,0,0,1958
test_02,317,0.002,0.004,0.002,0,0,0,9276
test_02,318,0.002,0.004,0.002,0,0,0,6164
test_02,319,0.002,0.004,0.002,0,0,0,63
test_02,320,0.002,0.004,0.002,0,0,0,2974
test_03,321,0.003,0.006,0.003,0,0,0,171
test_03,322,0.003,0.006,0.003,0,0,0,5782
test_03,323,0.003,0.006,0.003,0,0,0,7349
test_03,324,0.003,0.006,0.003,0,0,0,1171
test_03,325,0.003,0.006,0.003,0,0,0,5694
test_03,326,0.003,0.006,0.003,0,0,0,6741
test_03,327,0.003,0.006,0.003,0,0,0,2233
test_03,328,0.003,0.006,0.003,0,0,0,7343
test_03,329,0.003,0.006,0.003,0,0,0,3134
test_03,330,0.003,0.006,0.003,0,0,0,4825
test_04,331,0.004,0.008,0.004,0,0,0,7799
test_04,332,0.004,0.008,0.004,0,0,0,3002
test_04,333,0.004,0.008,0.004,0,0,0,1196
test_04,334,0.004,0.008,0.004,0,0,0,1559
test_04,335,0.004,0.008,0.004,0,0,0,3192
test_04,336,0.004,0.008,0.004,0,0,0,177
test_04,337,0.004,0.008,0.004,0,0,0,8334
test_04,338,0.004,0.008,0.004,0,0,0,7647
test_04,339,0.004,0.008,0.004,0,0,0,1102
test_04,340,0.004,0.008,0.004,0,0,0,6967
test_05,341,0.005,0.01,0.005,0,0,0,9877
test_05,342,0.005,0.01,0.005,0,0,0,1271
test_05,343,0.005,0.01,0.005,0,0,0,2344
test_05,344,0.005,0.01,0.005,0,0,0,4556
test_05,345,0.005,0.01,0.005,0,0,0,2943
test_05,346,0.005,0.01,0.005,0,0,0,1689
test_05,347,0.005,0.01,0.005,0,0,0,7905
test_05,348,0.005,0.01,0.005,0,0,0,2362
test_05,349,0.005,0.01,0.005,0,0,0,2361
test_05,350,0.005,0.01,0.005,0,0,0,9327
test_06,351,0.006,0.012,0.006,0,0,0,3315
test_06,352,0.006,0.012,0.006,0,0,0,4537
test_06,353,0.006,0.012,0.006,0,0,0,7232
test_06,354,0.006,0.012,0.006,0,0,0,9677
test_06,355,0.006,0.012,0.006,0,0,0,7064
test_06,356,0.006,0.012,0.006,0,0,0,4271
test_06,357,0.006,0.012,0.006,0,0,0,9749
test_06,358,0.006,0.012,0.006,0,0,0,6394
test_06,359,0.006,0.012,0.006,0,0,0,6137
test_06,360,0.006,0.012,0.006,0,0,0,2272
test_07,361,0.007,0.014,0.007,0,0,0,4471
test_07,362,0.007,0.014,0.007,0,0,0,7897
test_07,363,0.007,0.014,0.007,0,0,0,9762
test_07,364,0.007,0.014,0.007,0,0,0,1830
test_07,365,0.007,0.014,0.007,0,0,0,1819
test_07,366,0.007,0.014,0.007,0,0,0,9026
test_07,367,0.007,0.014,0.007,0,0,0,2312
test_07,368,0.007,0.014,0.007,0,0,0,783
test_07,369,0.007,0.014,0.007,0,0,0,8283
test_07,370,0.007,0.014,0.007,0,0,0,6850
test_08,371,0.008,0.016,0.008,0,0,0,4136
test_08,372,0.008,0.016,0.008,0,0,0,3672
test_08,373,0.008,0.016,0.008,0,0,0,733
test_08,374,0.008,0.016,0.008,0,0,0,3988
test_08,375,0.008,0.016,0.008,0,0,0,5474
test_08,376,0.008,0.016,0.008,0,0,0,2427
test_08,377,0.008,0.016,0.008,0,0,0,3863
test_08,378,0.008,0.016,0.008,0,0,0,8455
test_08,379,0.008,0.016,0.008,0,0,0,3210
test_08,380,0.008,0.016,0.008,0,0,0,2593
test_09,381,0.009,0.018,0.009,0,0,0,4651
test_09,382,0.009,0.018,0.009,0,0,0,2018
test_09,383,0.009,0.018,0.009,0,0,0,7202
test_09,384,0.009,0.018,0.009,0,0,0,5844
test_09,385,0.009,0.018,0.009,0,0,0,2868
test_09,386,0.009,0.018,0.009,0,0,0,7063
test_09,387,0.009,0.018,0.009,0,0,0,9422
test_09,388,0.009,0.018,0.009,0,0,0,9179
test_09,389,0.009,0.018,0.009,0,0,0,2289
test_09,390,0.009,0.018,0.009,0,0,0,8065
test_10,391,0.01,0.02,0.01,0,0,0,5807
test_10,392,0.01,0.02,0.01,0,0,0,3396
test_10,393,0.01,0.02,0.01,0,0,0,434
test_10,394,0.01,0.02,0.01,0,0,0,7574
test_10,395,0.01,0.02,0.01,0,0,0,9265
test_10,396,0.01,0.02,0.01,0,0,0,6991
test_10,397,0.01,0.02,0.01,0,0,0,8271
test_10,398,0.01,0.02,0.01,0,0,0,4163
test_10,399,0.01,0.02,0.01,0,0,0,7379
test_10,400,0.01,0.02,0.01,0,0,0,6450
test_01,401,0.001,0.002,0.001,0,0,0,3036
test_01,402,0.001,0.002,0.001,0,0,0,2676
test_01,403,0.001,0.002,0.001,0,0,0,3062
test_01,404,0.001,0.002,0.001,0,0,0,8129
test_01,405,0.001,0.002,0.001,0,0,0,9981
test_01,406,0.001,0.002,0.001,0,0,0,8622
test_01,407,0.001,0.002,0.001,0,0,0,8369
test_01,408,0.001,0.002,0.001,0,0,0,9347
test_01,409,0.001,0.002,0.001,0,0,0,7663
test_01,410,0.001,0.002,0.001,0,0,0,6894
test_02,411,0.002,0.004,0.002,0,0,0,9892
test_02,412,0.002,0.004,0.002,0,0,0,1047
test_02,413,0.002,0.004,0.002,0,0,0,8933
test_02,414,0.002,0.004,0.002,0,0,0,8821
test_02,415,0.002,0.004,0.002,0,0,0,8363
test_02,416,0.002,0.004,0.002,0,0,0,5650
test_02,417,0.002,0.004,0.002,0,0,0,82
test_02,418,0.002,0.004,0.002,0,0,0,9826
test_02,419,0.002,0.004,0.002,0,0,0,9396
test_02,420,0.002,0.004,0.002,0,0,0,4559
test_03,421,0.003,0.006,0.003,0,0,0,5766
test_03,422,0.003,0.006,0.003,0,0,0,9981
test_03,423,0.003,0.006,0.003,0,0,0,7974
test_03,424,0.003,0.006,0.003,0,0,0,1623
test_03,425,0.003,0.006,0.003,0,0,0,2475
test_03,426,0.003,0.006,0.003,0,0,0,1207
test_03,427,0.003,0.006,0.003,0,0,0,5827
test_03,428,0.003,0.006,0.003,0,0,0,2284
test_03,429,0.003,0.006,0.003,0,0,0,9594
test_03,430,0.003,0.006,0.003,0,0,0,2986
test_04,431,0.004,0.008,0.004,0,0,0,977
test_04,432,0.004,0.008,0.004,0,0,0,2358
test_04,433,0.004,0.008,0.004,0,0,0,7179
test_04,434,0.004,0.008,0.004,0,0,0,1906
test_04,435,0.004,0.008,0.004,0,0,0,1344
test_04,436,0.004,0.008,0.004,0,0,0,2262
test_04,437,0.004,0.008,0.004,0,0,0,7586
test_04,438,0.004,0.008,0.004,0,0,0,9227
test_04,439,0.004,0.008,0.004,0,0,0,5744
test_04,440,0.004,0.008,0.004,0,0,0,853
test_05,441,0.005,0.01,0.005,0,0,0,6524
test_05,442,0.005,0.01,0.005,0,0,0,4019
test_05,443,0.005,0.01,0.005,0,0,0,225
test_05,444,0.005,0.01,0.005,0,0,0,1401
test_05,445,0.005,0.01,0.005,0,0,0,5875
test_05,446,0.005,0.01,0.005,0,0,0,996
test_05,447,0.005,0.01,0.005,0,0,0,7277
test_05,448,0.005,0.01,0.005,0,0,0,7754
test_05,449,0.005,0.01,0.005,0,0,0,2575
test_05,450,0.005,0.01,0.005,0,0,0,5105
test_06,451,0.006,0.012,0.006,0,0,0,7080
test_06,452,0.006,0.012,0.006,0,0,0,7095
test_06,453,0.006,0.012,0.006,0,0,0,9659
test_06,454,0.006,0.012,0.006,0,0,0,6340
test_06,455,0.006,0.012,0.006,0,0,0,7388
test_06,456,0.006,0.012,0.006,0,0,0,6832
test_06,457,0.006,0.012,0.006,0,0,0,5754
test_06,458,0.006,0.012,0.006,0,0,0,5657
test_06,459,0.006,0.012,0.006,0,0,0,2962
test_06,460,0.006,0.012,0.006,0,0,0,9213
test_07,461,0.007,0.014,0.007,0,0,0,3261
test_07,462,0.007,0.014,0.007,0,0,0,4501
test_07,463,0.007,0.014,0.007,0,0,0,4827
test_07,464,0.007,0.014,0.007,0,0,0,1235
test_07,465,0.007,0.014,0.007,0,0,0,8054
test_07,466,0.007,0.014,0.007,0,0,0,3875
test_07,467,0.007,0.014,0.007,0,0,0,3373
test_07,468,0.007,0.014,0.007,0,0,0,2008
test_07,469,0.007,0.014,0.007,0,0,0,955
test_07,470,0.007,0.014,0.007,0,0,0,9876
test_08,471,0.008,0.016,0.008,0,0,0,3218
test_08,472,0.008,0.016,0.008,0,0,0,4406
test_08,473,0.008,0.016,0.008,0,0,0,2828
test_08,474,0.008,0.016,0.008,0,0,0,5866
test_08,475,0.008,0.016,0.008,0,0,0,7519
test_08,476,0.008,0.016,0.008,0,0,0,3721
test_08,477,0.008,0.016,0.008,0,0,0,9222
test_08,478,0.008,0.016,0.008,0,0,0,6745
test_08,479,0.008,0.016,0.008,0,0,0,6225
test_08,480,0.008,0.016,0.008,0,0,0,5546
test_09,481,0.009,0.018,0.009,0,0,0,2298
test_09,482,0.009,0.018,0.009,0,0,0,2220
test_09,483,0.009,0.018,0.009,0,0,0,119
test_09,484,0.009,0.018,0.009,0,0,0,767
test_09,485,0.009,0.018,0.009,0,0,0,8066
test_09,486,0.009,0.018,0.009,0,0,0,65
test_09,487,0.009,0.018,0.009,0,0,0,4168
test_09,488,0.009,0.018,0.009,0,0,0,6613
test_09,489,0.009,0.018,0.009,0,0,0,6802
test_09,490,0.009,0.018,0.009,0,0,0,1064
test_10,491,0.01,0.02,0.01,0,0,0,1016
test_10,492,0.01,0.02,0.01,0,0,0,6183
test_10,493,0.01,0.02,0.01,0,0,0,3587
test_10,494,0.01,0.02,0.01,0,0,0,4286
test_10,495,0.01,0.02,0.01,0,0,0,7947
test_10,496,0.01,0.02,0.01,0,0,0,428
test_10,497,0.01,0.02,0.01,0,0,0,8390
test_10,498,0.01,0.02,0.01,0,0,0,9443
test_10,499,0.01,0.02,0.01,0,0,0,6353
test_10,500,0.01,0.02,0.01,0,0,0,3471
test_01,501,0.001,0.002,0.001,0,0,0,3462
test_01,502,0.001,0.002,0.001,0,0,0,5362
test_01,503,0.001,0.002,0.001,0,0,0,6252
test_01,504,0.001,0.002,0.001,0,0,0,5988
test_01,505,0.001,0.002,0.001,0,0,0,6830
test_01,506,0.001,0.002,0.001,0,0,0,4998
test_01,507,0.001,0.002,0.001,0,0,0,1727
test_01,508,0.001,0.002,0.001,0,0,0,439
test_01,509,0.001,0.002,0.001,0,0,0,5402
test_01,510,0.001,0.002,0.001,0,0,0,8671
test_02,511,0.002,0.004,0.002,0,0,0,5881
test_02,512,0.002,0.004,0.002,0,0,0,9826
test_02,513,0.002,0.004,0.002,0,0,0,2414
test_02,514,0.002,0.004,0.002,0,0,0,7329
test_02,515,0.002,0.004,0.002,0,0,0,7020
test_02,516,0.002,0.004,0.002,0,0,0,8988
test_02,517,0.002,0.004,0.002,0,0,0,4187
test_02,518,0.002,0.004,0.002,0,0,0,6220
test_02,519,0.002,0.004,0.002,0,0,0,8091
test_02,520,0.002,0.004,0.002,0,0,0,105
test_03,521,0.003,0.006,0.003,0,0,0,5593
test_03,522,0.003,0.006,0.003,0,0,0,1118
test_03,523,0.003,0.006,0.003,0,0,0,8600
test_03,524,0.003,0.006,0.003,0,0,0,7606
test_03,525,0.003,0.006,0.003,0,0,0,2241
test_03,526,0.003,0.006,0.003,0,0,0,6125
test_03,527,0.003,0.006,0.003,0,0,0,7894
test_03,528,0.003,0.006,0.003,0,0,0,2333
test_03,529,0.003,0.006,0.003,0,0,0,7358
test_03,530,0.003,0.006,0.003,0,0,0,4222
test_04,531,0.004,0.008,0.004,0,0,0,3074
test_04,532,0.004,0.008,0.004,0,0,0,2228
test_04,533,0.004,0.008,0.004,0,0,0,9862
test_04,534,0.004,0.008,0.004,0,0,0,3838
test_04,535,0.004,0.008,0.004,0,0,0,3359
test_04,536,0.004,0.008,0.004,0,0,0,5998
test_04,537,0.004,0.008,0.004,0,0,0,169
test_04,538,0.004,0.008,0.004,0,0,0,1280
test_04,539,0.004,0.008,0.004,0,0,0,7382
test_04,540,0.004,0.008,0.004,0,0,0,3709
test_05,541,0.005,0.01,0.005,0,0,0,3810
test_05,542,0.005,0.01,0.005,0,0,0,131
test_05,543,0.005,0.01,0.005,0,0,0,1709
test_05,544,0.005,0.01,0.005,0,0,0,4937
test_05,545,0.005,0.01,0.005,0,0,0,7840
test_05,546,0.005,0.01,0.005,0,0,0,886
test_05,547,0.005,0.01,0.005,0,0,0,73
test_05,548,0.005,0.01,0.005,0,0,0,1679
test_05,549,0.005,0.01,0.005,0,0,0,2762
test_05,550,0.005,0.01,0.005,0,0,0,5633
test_06,551,0.006,0.012,0.006,0,0,0,7917
test_06,552,0.006,0.012,0.006,0,0,0,2360
test_06,553,0.006,0.012,0.006,0,0,0,8965
test_06,554,0.006,0.012,0.006,0,0,0,3607
test_06,555,0.006,0.012,0.006,0,0,0,5816
test_06,556,0.006,0.012,0.006,0,0,0,3683
test_06,557,0.006,0.012,0.006,0,0,0,1127
test_06,558,0.006,0.012,0.006,0,0,0,8791
test_06,559,0.006,0.012,0.006,0,0,0,8181
test_06,560,0.006,0.012,0.006,0,0,0,6692
test_07,561,0.007,0.014,0.007,0,0,0,1217
test_07,562,0.007,0.014,0.007,0,0,0,9921
test_07,563,0.007,0.014,0.007,0,0,0,8035
test_07,564,0.007,0.014,0.007,0,0,0,375
test_07,565,0.007,0.014,0.007,0,0,0,7668
test_07,566,0.007,0.014,0.007,0,0,0,2321
test_07,567,0.007,0.014,0.007,0,0,0,8048
test_07,568,0.007,0.014,0.007,0,0,0,7198
test_07,569,0.007,0.014,0.007,0,0,0,1381
test_07,570,0.007,0.014,0.007,0,0,0,9154
test_08,571,0.008,0.016,0.008,0,0,0,5797
test_08,572,0.008,0.016,0.008,0,0,0,3380
test_08,573,0.008,0.016,0.008,0,0,0,2655
test_08,574,0.008,0.016,0.008,0,0,0,2700
test_08,575,0.008,0.016,0.008,0,0,0,3877
test_08,576,0.008,0.016,0.008,0,0,0,9767
test_08,577,0.008,0.016,0.008,0,0,0,8628
test_08,578,0.008,0.016,0.008,0,0,0,5291
test_08,579,0.008,0.016,0.008,0,0,0,1668
test_08,580,0.008,0.016,0.008,0,0,0,8721
test_09,581,0.009,0.018,0.009,0,0,0,7604
test_09,582,0.009,0.018,0.009,0,0,0,391
test_09,583,0.009,0.018,0.009,0,0,0,667
test_09,584,0.009,0.018,0.009,0,0,0,9772
test_09,585,0.009,0.018,0.009,0,0,0,5907
test_09,586,0.009,0.018,0.009,0,0,0,5259
test_09,587,0.009,0.018,0.009,0,0,0,15
test_09,588,0.009,0.018,0.009,0,0,0,1350
test_09,589,0.009,0.018,0.009,0,0,0,7097
test_09,590,0.009,0.018,0.009,0,0,0,8320
test_10,591,0.01,0.02,0.01,0,0,0,1948
test_10,592,0.01,0.02,0.01,0,0,0,6067
test_10,593,0.01,0.02,0.01,0,0,0,2023
test_10,594,0.01,0.02,0.01,0,0,0,2033
test_10,595,0.01,0.02,0.01,0,0,0,3216
test_10,596,0.01,0.02,0.01,0,0,0,9291
test_10,597,0.01,0.02,0.01,0,0,0,2211
test_10,598,0.01,0.02,0.01,0,0,0,4920
test_10,599,0.01,0.02,0.01,0,0,0,804
test_10,600,0.01,0.02,0.01,0,0,0,8807
test_01,601,0.001,0.002,0.001,0,0,0,8350
test_01,602,0.001,0.002,0.001,0,0,0,9290
test_01,603,0.001,0.002,0.001,0,0,0,804
test_01,604,0.001,0.002,0.001,0,0,0,3396
test_01,605,0.001,0.002,0.001,0,0,0,9642
test_01,606,0.001,0.002,0.001,0,0,0,6192
test_01,607,0.001,0.002,0.001,0,0,0,2501
test_01,608,0.001,0.002,0.001,0,0,0,6716
test_01,609,0.001,0.002,0.001,0,0,0,1398
test_01,610,0.001,0.002,0.001,0,0,0,283
test_02,611,0.002,0.004,0.002,0,0,0,9474
test_02,612,0.002,0.004,0.002,0,0,0,1103
test_02,613,0.002,0.004,0.002,0,0,0,7599
test_02,614,0.002,0.004,0.002,0,0,0,5319
test_02,615,0.002,0.004,0.002,0,0,0,4124
test_02,616,0.002,0.004,0.002,0,0,0,4440
test_02,617,0.002,0.004,0.002,0,0,0,9912
test_02,618,0.002,0.004,0.002,0,0,0,1259
test_02,619,0.002,0.004,0.002,0,0,0,4079
test_02,620,0.002,0.004,0.002,0,0,0,9719
test_03,621,0.003,0.006,0.003,0,0,0,6639
test_03,622,0.003,0.006,0.003,0,0,0,5328
test_03,623,0.003,0.006,0.003,0,0,0,2779
test_03,624,0.003,0.006,0.003,0,0,0,3053
test_03,625,0.003,0.006,0.003,0,0,0,1232
test_03,626,0.003,0.006,0.003,0,0,0,582
test_03,627,0.003,0.006,0.003,0,0,0,3644
test_03,628,0.003,0.006,0.003,0,0,0,3073
test_03,629,0.003,0.006,0.003,0,0,0,1548
test_03,630,0.003,0.006,0.003,0,0,0,4075
test_04,631,0.004,0.008,0.004,0,0,0,3968
test_04,632,0.004,0.008,0.004,0,0,0,4212
test_04,633,0.004,0.008,0.004,0,0,0,3413
test_04,634,0.004,0.008,0.004,0,0,0,3116
test_04,635,0.004,0.008,0.004,0,0,0,395
test_04,636,0.004,0.008,0.004,0,0,0,6052
test_04,637,0.004,0.008,0.004,0,0,0,8542
test_04,638,0.004,0.008,0.004,0,0,0,2689
test_04,639,0.004,0.008,0.004,0,0,0,7395
test_04,640,0.004,0.008,0.004,0,0,0,8540
test_05,641,0.005,0.01,0.005,0,0,0,4238
test_05,642,0.005,0.01,0.005,0,0,0,5881
test_05,643,0.005,0.01,0.005,0,0,0,3666
test_05,644,0.005,0.01,0.005,0,0,0,3555
test_05,645,0.005,0.01,0.005,0,0,0,2914
test_05,646,0.005,0.01,0.005,0,0,0,3017
test_05,647,0.005,0.01,0.005,0,0,0,3878
test_05,648,0.005,0.01,0.005,0,0,0,7349
test_05,649,0.005,0.01,0.005,0,0,0,7560
test_05,650,0.005,0.01,0.005,0,0,0,6115
test_06,651,0.006,0.012,0.006,0,0,0,486
test_06,652,0.006,0.012,0.006,0,0,0,2486
test_06,653,0.006,0.012,0.006,0,0,0,9481
test_06,654,0.006,0.012,0.006,0,0,0,5290
test_06,655,0.006,0.012,0.006,0,0,0,4545
test_06,656,0.006,0.012,0.006,0,0,0,1818
test_06,657,0.006,0.012,0.006,0,0,0,155
test_06,658,0.006,0.012,0.006,0,0,0,9166
test_06,659,0.006,0.012,0.006,0,0,0,560
test_06,660,0.006,0.012,0.006,0,0,0,597
test_07,661,0.007,0.014,0.007,0,0,0,469
test_07,662,0.007,0.014,0.007,0,0,0,2997
test_07,663,0.007,0.014,0.007,0,0,0,2838
test_07,664,0.007,0.014,0.007,0,0,0,2284
test_07,665,0.007,0.014,0.007,0,0,0,1164
test_07,666,0.007,0.014,0.007,0,0,0,1231
test_07,667,0.007,0.014,0.007,0,0,0,9282
test_07,668,0.007,0.014,0.007,0,0,0,5058
test_07,669,0.007,0.014,0.007,0,0,0,2039
test_07,670,0.007,0.014,0.007,0,0,0,8485
test_08,671,0.008,0.016,0.008,0,0,0,5750
test_08,672,0.008,0.016,0.008,0,0,0,9511
test_08,673,0.008,0.016,0.008,0,0,0,7504
test_08,674,0.008,0.016,0.008,0,0,0,6429
test_08,675,0.008,0.016,0.008,0,0,0,1242
test_08,676,0.008,0.016,0.008,0,0,0,6109
test_08,677,0.008,0.016,0.008,0,0,0,2761
test_08,678,0.008,0.016,0.008,0,0,0,5731
test_08,679,0.008,0.016,0.008,0,0,0,4836
test_08,680,0.008,0.016,0.008,0,0,0,2033
test_09,681,0.009,0.018,0.009,0,0,0,3660
test_09,682,0.009,0.018,0.009,0,0,0,9897
test_09,683,0.009,0.018,0.009,0,0,0,6046
test_09,684,0.009,0.018,0.009,0,0,0,3128
test_09,685,0.009,0.018,0.009,0,0,0,2926
test_09,686,0.009,0.018,0.009,0,0,0,7334
test_09,687,0.009,0.018,0.009,0,0,0,9875
test_09,688,0.009,0.018,0.009,0,0,0,1015
test_09,689,0.009,0.018,0.009,0,0,0,2515
test_09,690,0.009,0.018,0.009,0,0,0,4339
test_10,691,0.01,0.02,0.01,0,0,0,1276
test_10,692,0.01,0.02,0.01,0,0,0,7024
test_10,693,0.01,0.02,0.01,0,0,0,1382
test_10,694,0.01,0.02,0.01,0,0,0,3974
test_10,695,0.01,0.02,0.01,0,0,0,4807
test_10,696,0.01,0.02,0.01,0,0,0,4728
test_10,697,0.01,0.02,0.01,0,0,0,2448
test_10,698,0.01,0.02,0.01,0,0,0,758
test_10,699,0.01,0.02,0.01,0,0,0,6341
test_10,700,0.01,0.02,0.01,0,0,0,6589
test_01,701,0.001,0.002,0.001,0,0,0,6420
test_01,702,0.001,0.002,0.001,0,0,0,1596
test_01,703,0.001,0.002,0.001,0,0,0,8316
test_01,704,0.001,0.002,0.001,0,0,0,2453
test_01,705,0.001,0.002,0.001,0,0,0,8181
test_01,706,0.001,0.002,0.001,0,0,0,6408
test_01,707,0.001,0.002,0.001,0,0,0,4739
test_01,708,0.001,0.002,0.001,0,0,0,4560
test_01,709,0.001,0.002,0.001,0,0,0,6615
test_01,710,0.001,0.002,0.001,0,0,0,7333
test_02,711,0.002,0.004,0.002,0,0,0,3158
test_02,712,0.002,0.004,0.002,0,0,0,2384
test_02,713,0.002,0.004,0.002,0,0,0,713
test_02,714,0.002,0.004,0.002,0,0,0,4698
test_02,715,0.002,0.004,0.002,0,0,0,9353
test_02,716,0.002,0.004,0.002,0,0,0,3961
test_02,717,0.002,0.004,0.002,0,0,0,1722
test_02,718,0.002,0.004,0.002,0,0,0,3892
test_02,719,0.002,0.004,0.002,0,0,0,8019
test_02,720,0.002,0.004,0.002,0,0,0,2554
test_03,721,0.003,0.006,0.003,0,0,0,5576
test_03,722,0.003,0.006,0.003,0,0,0,1927
test_03,723,0.003,0.006,0.003,0,0,0,2258
test_03,724,0.003,0.006,0.003,0,0,0,3257
test_03,725,0.003,0.006,0.003,0,0,0,1368
test_03,726,0.003,0.006,0.003,0,0,0,5889
test_03,727,0.003,0.006,0.003,0,0,0,409
test_03,728,0.003,0.006,0.003,0,0,0,5354
test_03,729,0.003,0.006,0.003,0,0,0,2618
test_03,730,0.003,0.006,0.003,0,0,0,3037
test_04,731,0.004,0.008,0.004,0,0,0,5835
test_04,732,0.004,0.008,0.004,0,0,0,6147
test_04,733,0.004,0.008,0.004,0,0,0,9661
test_04,734,0.004,0.008,0.004,0,0,0,410
test_04,735,0.004,0.008,0.004,0,0,0,7019
test_04,736,0.004,0.008,0.004,0,0,0,7365
test_04,737,0.004,0.008,0.004,0,0,0,9454
test_04,738,0.004,0.008,0.004,0,0,0,5206
test_04,739,0.004,0.008,0.004,0,0,0,7507
test_04,740,0.004,0.008,0.004,0,0,0,7251
test_05,741,0.005,0.01,0.005,0,0,0,6449
test_05,742,0.005,0.01,0.005,0,0,0,5994
test_05,743,0.005,0.01,0.005,0,0,0,8887
test_05,744,0.005,0.01,0.005,0,0,0,8637
test_05,745,0.005,0.01,0.005,0,0,0,1217
test_05,746,0.005,0.01,0.005,0,0,0,4636
test_05,747,0.005,0.01,0.005,0,0,0,5031
test_05,748,0.005,0.01,0.005,0,0,0,3974
test_05,749,0.005,0.01,0.005,0,0,0,583
test_05,750,0.005,0.01,0.005,0,0,0,9955
test_06,751,0.006,0.012,0.006,0,0,0,9444
test_06,752,0.006,0.012,0.006,0,0,0,703
test_06,753,0.006,0.012,0.006,0,0,0,2592
test_06,754,0.006,0.012,0.006,0,0,0,2460
test_06,755,0.006,0.012,0.006,0,0,0,3492
test_06,756,0.006,0.012,0.006,0,0,0,4051
test_06,757,0.006,0.012,0.006,0,0,0,8548
test_06,758,0.006,0.012,0.006,0,0,0,111
test_06,759,0.006,0.012,0.006,0,0,0,1429
test_06,760,0.006,0.012,0.006,0,0,0,7817
test_07,761,0.007,0.014,0.007,0,0,0,7048
test_07,762,0.007,0.014,0.007,0,0,0,3754
test_07,763,0.007,0.014,0.007,0,0,0,2579
test_07,764,0.007,0.014,0.007,0,0,0,6317
test_07,765,0.007,0.014,0.007,0,0,0,4594
test_07,766,0.007,0.014,0.007,0,0,0,384
test_07,767,0.007,0.014,0.007,0,0,0,6983
test_07,768,0.007,0.014,0.007,0,0,0,1792
test_07,769,0.007,0.014,0.007,0,0,0,2508
test_07,770,0.007,0.014,0.007,0,0,0,3185
test_08,771,0.008,0.016,0.008,0,0,0,6584
test_08,772,0.008,0.016,0.008,0,0,0,3789
test_08,773,0.008,0.016,0.008,0,0,0,6556
test_08,774,0.008,0.016,0.008,0,0,0,156
test_08,775,0.008,0.016,0.008,0,0,0,4676
test_08,776,0.008,0.016,0.008,0,0,0,3990
test_08,777,0.008,0.016,0.008,0,0,0,319
test_08,778,0.008,0.016,0.008,0,0,0,1858
test_08,779,0.008,0.016,0.008,0,0,0,6861
test_08,780,0.008,0.016,0.008,0,0,0,1268
test_09,781,0.009,0.018,0.009,0,0,0,7345
test_09,782,0.009,0.018,0.009,0,0,0,7848
test_09,783,0.009,0.018,0.009,0,0,0,9392
test_09,784,0.009,0.018,0.009,0,0,0,2084
test_09,785,0.009,0.018,0.009,0,0,0,6104
test_09,786,0.009,0.018,0.009,0,0,0,1836
test_09,787,0.009,0.018,0.009,0,0,0,790
test_09,788,0.009,0.018,0.009,0,0,0,7658
test_09,789,0.009,0.018,0.009,0,0,0,7278
test_09,790,0.009,0.018,0.009,0,0,0,1251
test_10,791,0.01,0.02,0.01,0,0,0,7049
test_10,792,0.01,0.02,0.01,0,0,0,5746
test_10,793,0.01,0.02,0.01,0,0,0,4981
test_10,794,0.01,0.02,0.01,0,0,0,2801
test_10,795,0.01,0.02,0.01,0,0,0,6605
test_10,796,0.01,0.02,0.01,0,0,0,9316
test_10,797,0.01,0.02,0.01,0,0,0,2277
test_10,798,0.01,0.02,0.01,0,0,0,7074
test_10,799,0.01,0.02,0.01,0,0,0,4526
test_10,800,0.01,0.02,0.01,0,0,0,3304
test_01,801,0.001,0.002,0.001,0,0,0,1630
test_01,802,0.001,0.002,0.001,0,0,0,6453
test_01,803,0.001,0.002,0.001,0,0,0,9503
test_01,804,0.001,0.002,0.001,0,0,0,3377
test_01,805,0.001,0.002,0.001,0,0,0,7330
test_01,806,0.001,0.002,0.001,0,0,0,9619
test_01,807,0.001,0.002,0.001,0,0,0,1338
test_01,808,0.001,0.002,0.001,0,0,0,9582
test_01,809,0.001,0.002,0.001,0,0,0,1129
test_01,810,0.001,0.002,0.001,0,0,0,7798
test_02,811,0.002,0.004,0.002,0,0,0,1539
test_02,812,0.002,0.004,0.002,0,0,0,2567
test_02,813,0.002,0.004,0.002,0,0,0,5628
test_02,814,0.002,0.004,0.002,0,0,0,5042
test_02,815,0.002,0.004,0.002,0,0,0,8240
test_02,816,0.002,0.004,0.002,0,0,0,9927
test_02,817,0.002,0.004,0.002,0,0,0,1800
test_02,818,0.002,0.004,0.002,0,0,0,9479
test_02,819,0.002,0.004,0.002,0,0,0,9522
test_02,820,0.002,0.004,0.002,0,0,0,226
test_03,821,0.003,0.006,0.003,0,0,0,7757
test_03,822,0.003,0.006,0.003,0,0,0,3706
test_03,823,0.003,0.006,0.003,0,0,0,1135
test_03,824,0.003,0.006,0.003,0,0,0,7528
test_03,825,0.003,0.006,0.003,0,0,0,4016
test_03,826,0.003,0.006,0.003,0,0,0,8667
test_03,827,0.003,0.006,0.003,0,0,0,826
test_03,828,0.003,0.006,0.003,0,0,0,2450
test_03,829,0.003,0.006,0.003,0,0,0,5242
test_03,830,0.003,0.006,0.003,0,0,0,8117
test_04,831,0.004,0.008,0.004,0,0,0,3125
test_04,832,0.004,0.008,0.004,0,0,0,509
test_04,833,0.004,0.008,0.004,0,0,0,4239
test_04,834,0.004,0.008,0.004,0,0,0,2674
test_04,835,0.004,0.008,0.004,0,0,0,4741
test_04,836,0.004,0.008,0.004,0,0,0,1162
test_04,837,0.004,0.008,0.004,0,0,0,5468
test_04,838,0.004,0.008,0.004,0,0,0,8026
test_04,839,0.004,0.008,0.004,0,0,0,9155
test_04,840,0.004,0.008,0.004,0,0,0,5244
test_05,841,0.005,0.01,0.005,0,0,0,4114
test_05,842,0.005,0.01,0.005,0,0,0,8784
test_05,843,0.005,0.01,0.005,0,0,0,7958
test_05,844,0.005,0.01,0.005,0,0,0,1026
test_05,845,0.005,0.01,0.005,0,0,0,8392
test_05,846,0.005,0.01,0.005,0,0,0,8417
test_05,847,0.005,0.01,0.005,0,0,0,2532
test_05,848,0.005,0.01,0.005,0,0,0,6671
test_05,849,0.005,0.01,0.005,0,0,0,3530
test_05,850,0.005,0.01,0.005,0,0,0,9716
test_06,851,0.006,0.012,0.006,0,0,0,1625
test_06,852,0.006,0.012,0.006,0,0,0,7998
test_06,853,0.006,0.012,0.006,0,0,0,349
test_06,854,0.006,0.012,0.006,0,0,0,8580
test_06,855,0.006,0.012,0.006,0,0,0,8984
test_06,856,0.006,0.012,0.006,0,0,0,4037
test_06,857,0.006,0.012,0.006,0,0,0,5380
test_06,858,0.006,0.012,0.006,0,0,0,4553
test_06,859,0.006,0.012,0.006,0,0,0,1149
test_06,860,0.006,0.012,0.006,0,0,0,14
test_07,861,0.007,0.014,0.007,0,0,0,1832
test_07,862,0.007,0.014,0.007,0,0,0,8170
test_07,863,0.007,0.014,0.007,0,0,0,8677
test_07,864,0.007,0.014,0.007,0,0,0,8620
test_07,865,0.007,0.014,0.007,0,0,0,3432
test_07,866,0.007,0.014,0.007,0,0,0,5050
test_07,867,0.007,0.014,0.007,0,0,0,4399
test_07,868,0.007,0.014,0.007,0,0,0,7177
test_07,869,0.007,0.014,0.007,0,0,0,9470
test_07,870,0.007,0.014,0.007,0,0,0,9452
test_08,871,0.008,0.016,0.008,0,0,0,8279
test_08,872,0.008,0.016,0.008,0,0,0,4649
test_08,873,0.008,0.016,0.008,0,0,0,9738
test_08,874,0.008,0.016,0.008,0,0,0,1304
test_08,875,0.008,0.016,0.008,0,0,0,3138
test_08,876,0.008,0.016,0.008,0,0,0,6921
test_08,877,0.008,0.016,0.008,0,0,0,2246
test_08,878,0.008,0.016,0.008,0,0,0,9649
test_08,879,0.008,0.016,0.008,0,0,0,2723
test_08,880,0.008,0.016,0.008,0,0,0,8904
test_09,881,0.009,0.018,0.009,0,0,0,1838
test_09,882,0.009,0.018,0.009,0,0,0,1152
test_09,883,0.009,0.018,0.009,0,0,0,6477
test_09,884,0.009,0.018,0.009,0,0,0,7593
test_09,885,0.009,0.018,0.009,0,0,0,4281
test_09,886,0.009,0.018,0.009,0,0,0,8918
test_09,887,0.009,0.018,0.009,0,0,0,4416
test_09,888,0.009,0.018,0.009,0,0,0,1496
test_09,889,0.009,0.018,0.009,0,0,0,3544
test_09,890,0.009,0.018,0.009,0,0,0,7983
test_10,891,0.01,0.02,0.01,0,0,0,2283
test_10,892,0.01,0.02,0.01,0,0,0,7214
test_10,893,0.01,0.02,0.01,0,0,0,6664
test_10,894,0.01,0.02,0.01,0,0,0,9742
test_10,895,0.01,0.02,0.01,0,0,0,3270
test_10,896,0.01,0.02,0.01,0,0,0,3815
test_10,897,0.01,0.02,0.01,0,0,0,6573
test_10,898,0.01,0.02,0.01,0,0,0,8691
test_10,899,0.01,0.02,0.01,0,0,0,3098
test_10,900,0.01,0.02,0.01,0,0,0,5960
test_01,901,0.001,0.002,0.001,0,0,0,5024
test_01,902,0.001,0.002,0.001,0,0,0,4363
test_01,903,0.001,0.002,0.001,0,0,0,9659
test_01,904,0.001,0.002,0.001,0,0,0,9718
test_01,905,0.001,0.002,0.001,0,0,0,4798
test_01,906,0.001,0.002,0.001,0,0,0,5139
test_01,907,0.001,0.002,0.001,0,0,0,3021
test_01,908,0.001,0.002,0.001,0,0,0,3224
test_01,909,0.001,0.002,0.001,0,0,0,3632
test_01,910,0.001,0.002,0.001,0,0,0,6470
test_02,911,0.002,0.004,0.002,0,0,0,3238
test_02,912,0.002,0.004,0.002,0,0,0,4637
test_02,913,0.002,0.004,0.002,0,0,0,4369
test_02,914,0.002,0.004,0.002,0,0,0,5383
test_02,915,0.002,0.004,0.002,0,0,0,8745
test_02,916,0.002,0.004,0.002,0,0,0,716
test_02,917,0.002,0.004,0.002,0,0,0,7996
test_02,918,0.002,0.004,0.002,0,0,0,5657
test_02,919,0.002,0.004,0.002,0,0,0,8665
test_02,920,0.002,0.004,0.002,0,0,0,8393
test_03,921,0.003,0.006,0.003,0,0,0,1469
test_03,922,0.003,0.006,0.003,0,0,0,4947
test_03,923,0.003,0.006,0.003,0,0,0,9947
test_03,924,0.003,0.006,0.003,0,0,0,6908
test_03,925,0.003,0.006,0.003,0,0,0,1236
test_03,926,0.003,0.006,0.003,0,0,0,5234
test_03,927,0.003,0.006,0.003,0,0,0,3291
test_03,928,0.003,0.006,0.003,0,0,0,9979
test_03,929,0.003,0.006,0.003,0,0,0,4759
test_03,930,0.003,0.006,0.003,0,0,0,9324
test_04,931,0.004,0.008,0.004,0,0,0,299
test_04,932,0.004,0.008,0.004,0,0,0,7163
test_04,933,0.004,0.008,0.004,0,0,0,3005
test_04,934,0.004,0.008,0.004,0,0,0,971
test_04,935,0.004,0.008,0.004,0,0,0,7498
test_04,936,0.004,0.008,0.004,0,0,0,6686
test_04,937,0.004,0.008,0.004,0,0,0,4294
test_04,938,0.004,0.008,0.004,0,0,0,6833
test_04,939,0.004,0.008,0.004,0,0,0,3006
test_04,940,0.004,0.008,0.004,0,0,0,8887
test_05,941,0.005,0.01,0.005,0,0,0,1751
test_05,942,0.005,0.01,0.005,0,0,0,784
test_05,943,0.005,0.01,0.005,0,0,0,5121
test_05,944,0.005,0.01,0.005,0,0,0,4747
test_05,945,0.005,0.01,0.005,0,0,0,9832
test_05,946,0.005,0.01,0.005,0,0,0,2686
test_05,947,0.005,0.01,0.005,0,0,0,7638
test_05,948,0.005,0.01,0.005,0,0,0,4958
test_05,949,0.005,0.01,0.005,0,0,0,8859
test_05,950,0.005,0.01,0.005,0,0,0,7078
test_06,951,0.006,0.012,0.006,0,0,0,9354
test_06,952,0.006,0.012,0.006,0,0,0,7033
test_06,953,0.006,0.012,0.006,0,0,0,7940
test_06,954,0.006,0.012,0.006,0,0,0,6797
test_06,955,0.006,0.012,0.006,0,0,0,8895
test_06,956,0.006,0.012,0.006,0,0,0,7031
test_06,957,0.006,0.012,0.006,0,0,0,9865
test_06,958,0.006,0.012,0.006,0,0,0,6014
test_06,959,0.006,0.012,0.006,0,0,0,7151
test_06,960,0.006,0.012,0.006,0,0,0,9587
test_07,961,0.007,0.014,0.007,0,0,0,661
test_07,962,0.007,0.014,0.007,0,0,0,4426
test_07,963,0.007,0.014,0.007,0,0,0,8562
test_07,964,0.007,0.014,0.007,0,0,0,6047
test_07,965,0.007,0.014,0.007,0,0,0,9388
test_07,966,0.007,0.014,0.007,0,0,0,9194
test_07,967,0.007,0.014,0.007,0,0,0,9216
test_07,968,0.007,0.014,0.007,0,0,0,8204
test_07,969,0.007,0.014,0.007,0,0,0,7255
test_07,970,0.007,0.014,0.007,0,0,0,8024
test_08,971,0.008,0.016,0.008,0,0,0,5555
test_08,972,0.008,0.016,0.008,0,0,0,8700
test_08,973,0.008,0.016,0.008,0,0,0,4111
test_08,974,0.008,0.016,0.008,0,0,0,7038
test_08,975,0.008,0.016,0.008,0,0,0,6725
test_08,976,0.008,0.016,0.008,0,0,0,3005
test_08,977,0.008,0.016,0.008,0,0,0,1998
test_08,978,0.008,0.016,0.008,0,0,0,2105
test_08,979,0.008,0.016,0.008,0,0,0,1489
test_08,980,0.008,0.016,0.008,0,0,0,7922
test_09,981,0.009,0.018,0.009,0,0,0,3527
test_09,982,0.009,0.018,0.009,0,0,0,4291
test_09,983,0.009,0.018,0.009,0,0,0,611
test_09,984,0.009,0.018,0.009,0,0,0,5205
test_09,985,0.009,0.018,0.009,0,0,0,7514
test_09,986,0.009,0.018,0.009,0,0,0,8307
test_09,987,0.009,0.018,0.009,0,0,0,8823
test_09,988,0.009,0.018,0.009,0,0,0,1448
test_09,989,0.009,0.018,0.009,0,0,0,9060
test_09,990,0.009,0.018,0.009,0,0,0,6963
test_10,991,0.01,0.02,0.01,0,0,0,1367
test_10,992,0.01,0.02,0.01,0,0,0,2812
test_10,993,0.01,0.02,0.01,0,0,0,2477
test_10,994,0.01,0.02,0.01,0,0,0,6180
test_10,995,0.01,0.02,0.01,0,0,0,7575
test_10,996,0.01,0.02,0.01,0,0,0,8797
test_10,997,0.01,0.02,0.01,0,0,0,8420
test_10,998,0.01,0.02,0.01,0,0,0,8000
test_10,999,0.01,0.02,0.01,0,0,0,5212
test_10,1000,0.01,0.02,0.01,0,0,0,2097
